id,updatedAt,createdAt,deletedAt,group,user,seed
f767c981-1009-4403-941a-52f6dd13a3bb,2026-01-03T16:01:59.691Z,2026-01-03T16:01:59.691Z,,e18b5104-1e4d-4965-b038-a3c44f0baae3,eb0aeea8-5acb-4ed8-9297-683ae6714850,1638.6530783527155
91a3c379-458a-4564-8d73-13781477b5a4,2026-01-03T16:01:59.691Z,2026-01-03T16:01:59.691Z,,eeb4a024-4ac9-42db-92a2-cb39d85c9d82,8e97f7b6-4aa5-4c12-b364-e46ef4b0a695,1636.328516174552
04db4107-29b8-42f0-a355-a32a4bb2abb8,2026-01-03T16:01:59.691Z,2026-01-03T16:01:59.691Z,,dd0432cd-57af-4906-9b11-394410e50278,313dde00-aa9b-4c57-bd0d-af76f95db3c3,1448.7165685331506
411d6dd0-630c-43fa-9ffa-ec27fc1795fe,2026-01-03T16:01:59.691Z,2026-01-03T16:01:59.691Z,,a2e9ffff-035d-4de8-9c11-a61c101e0636,48795c18-bace-4a2d-be67-1b209fe5b654,1436.116376000554
8b8f1031-be5f-445b-a5b9-8c2cefcd261b,2026-01-03T16:01:59.691Z,2026-01-03T16:01:59.691Z,,a2e9ffff-035d-4de8-9c11-a61c101e0636,57723541-3f15-48c9-8c11-22b04b1735fd,1412.477351869941
29c6e653-5a9f-4a52-b5a9-87482bf20ff3,2026-01-03T16:01:59.691Z,2026-01-03T16:01:59.691Z,,dd0432cd-57af-4906-9b11-394410e50278,93ad2385-2d34-4127-b4ea-f5a287de3717,1303.80064817041
c0def43a-f5bf-44cf-a5b2-c365c7c09548,2026-01-03T16:01:59.691Z,2026-01-03T16:01:59.691Z,,eeb4a024-4ac9-42db-92a2-cb39d85c9d82,0d8450e9-15c2-4270-adf4-913f584a84f9,1285.2128686751196
dd697e39-7463-41a0-ab50-1f26435a2b14,2026-01-03T16:01:59.691Z,2026-01-03T16:01:59.691Z,,e18b5104-1e4d-4965-b038-a3c44f0baae3,e282c223-58a4-4f66-9e9c-92bed56aa532,1283.2427429833556
80b890e0-184d-412b-945d-f7460294375a,2026-01-03T16:01:59.691Z,2026-01-03T16:01:59.691Z,,e18b5104-1e4d-4965-b038-a3c44f0baae3,5ff55487-ce53-4812-8e0e-282ef8c1bae5,1257.2155462741484
ac5b132b-6659-48fc-8b73-a7c966070abb,2026-01-03T16:01:59.691Z,2026-01-03T16:01:59.691Z,,eeb4a024-4ac9-42db-92a2-cb39d85c9d82,294142d8-a13c-423a-b062-78df13ab4fb2,1211.7804674877325
9d308f24-2642-4361-9b0e-6c4f28e5bbdd,2026-01-03T16:01:59.691Z,2026-01-03T16:01:59.691Z,,dd0432cd-57af-4906-9b11-394410e50278,13bb8b6b-dae7-4533-8b46-883b73a66cf5,1121.7216666956156
d7bcd86b-4b16-45f4-8661-58c8f90ed5d7,2026-01-03T16:01:59.691Z,2026-01-03T16:01:59.691Z,,a2e9ffff-035d-4de8-9c11-a61c101e0636,2d04152e-bc0a-4712-9c1d-4b387e2d7c83,1107.6299142566336
45ddb6e9-cc83-4d78-a444-d6adadb26373,2026-01-03T16:01:59.691Z,2026-01-03T16:01:59.691Z,,a2e9ffff-035d-4de8-9c11-a61c101e0636,b7c17d71-ab5c-4a37-b0a6-fe8cc80887c5,1091.9177385425564
f977c927-cc6b-42ed-b8b2-876493e2f90f,2026-01-03T16:01:59.691Z,2026-01-03T16:01:59.691Z,,dd0432cd-57af-4906-9b11-394410e50278,624ac48c-089b-4794-b6ac-5f091d8d640a,1029.1801079832503
8d8b1d9f-789c-4bf3-a616-a32110669be1,2026-01-03T16:01:59.691Z,2026-01-03T16:01:59.691Z,,eeb4a024-4ac9-42db-92a2-cb39d85c9d82,e53a24cd-bbe4-4f33-9394-56303852efb7,996.9330735904266
8b363e22-2623-4dd5-ad0f-9a207544ef5a,2026-01-03T16:01:59.691Z,2026-01-03T16:01:59.691Z,,e18b5104-1e4d-4965-b038-a3c44f0baae3,c52a3f17-2b60-43be-96c5-219c3751fb23,850.7873491391197
a1c40a47-bee0-4577-8ad3-69eb747e1bfe,2026-01-03T16:01:59.691Z,2026-01-03T16:01:59.691Z,,e18b5104-1e4d-4965-b038-a3c44f0baae3,1320b514-fa5c-8081-ae21-cf34f97a7bb5,672.5517551800365
068c3080-8e79-4525-bd38-8a88a2d084d1,2026-01-03T16:01:59.691Z,2026-01-03T16:01:59.691Z,,eeb4a024-4ac9-42db-92a2-cb39d85c9d82,98db5c20-2526-4318-a4dd-ce2db8726cdd,0
11dfde44-6e8b-4870-9dfb-78b80c12b3bb,2026-01-03T16:01:59.691Z,2026-01-03T16:01:59.691Z,,dd0432cd-57af-4906-9b11-394410e50278,feee5dc8-d7bd-41f8-966f-a64e77b7079b,0