id,updatedAt,createdAt,deletedAt,tournament,name,bracket,round,match,track,completedAt,sourceGroupA,sourceGroupARank,sourceGroupB,sourceGroupBRank,sourceMatchA,sourceMatchAProgression,sourceMatchB,sourceMatchBProgression
1a53a02c-2016-4176-9b8b-bc61fe437b65,2026-01-03T19:00:39.240Z,2026-01-03T16:01:59.695Z,,84d81f14-d237-4713-b44d-a10e1c888f2c,Gruppe A Match 1,group,,eeff155a-b81b-4d9b-a17f-6b72e0d1ae25,,2026-01-03T19:00:39.240Z,,,,,,,,
3c8c6841-2302-46f6-8bed-3de6d84411ef,2026-01-03T18:34:59.159Z,2026-01-03T16:01:59.695Z,,84d81f14-d237-4713-b44d-a10e1c888f2c,Gruppe A Match 2,group,,e4c2de8b-6c95-4cc6-a2f9-a138df1df02b,,2026-01-03T18:34:59.159Z,,,,,,,,
4078f332-f566-448d-b2a4-e9d5bc2c97c1,2026-01-03T17:07:12.156Z,2026-01-03T16:01:59.695Z,,84d81f14-d237-4713-b44d-a10e1c888f2c,Gruppe A Match 3,group,,cf2a7364-acc3-49d5-b8c0-9f767d77b183,,2026-01-03T17:07:12.156Z,,,,,,,,
3aa41a98-467f-4665-b6ba-36a17333ba75,2026-01-03T17:22:23.926Z,2026-01-03T16:01:59.695Z,,84d81f14-d237-4713-b44d-a10e1c888f2c,Gruppe A Match 4,group,,7214ab12-d916-46ea-9a84-c72bbbc33747,,2026-01-03T17:22:23.926Z,,,,,,,,
c3371277-a5c2-4689-ba01-e97ba5bc0b18,2026-01-03T17:45:35.323Z,2026-01-03T16:01:59.695Z,,84d81f14-d237-4713-b44d-a10e1c888f2c,Gruppe A Match 1,group,,2edf8c2c-65b9-47a7-8bf2-733333a23afd,,2026-01-03T17:45:35.323Z,,,,,,,,
f4f0a2ad-7875-4989-a9b5-7a5ae9568676,2026-01-03T18:12:34.039Z,2026-01-03T16:01:59.695Z,,84d81f14-d237-4713-b44d-a10e1c888f2c,Gruppe A Match 2,group,,4a023157-fbfd-4632-9a0c-996822f5f698,,2026-01-03T18:12:34.039Z,,,,,,,,
39992afa-6cda-4f25-bf84-d5d61d81abd8,2026-01-03T17:00:31.551Z,2026-01-03T16:01:59.695Z,,84d81f14-d237-4713-b44d-a10e1c888f2c,Gruppe A Match 3,group,,75a672e7-fe83-4e5c-841c-eeb1ac7c63c1,,2026-01-03T17:00:31.551Z,,,,,,,,
08bdbc89-22cd-4211-8a9a-4313da1169a0,2026-01-03T16:48:26.979Z,2026-01-03T16:01:59.695Z,,84d81f14-d237-4713-b44d-a10e1c888f2c,Gruppe A Match 4,group,,518a340b-d22c-40e3-ae30-7cc2f2437938,,2026-01-03T16:48:26.979Z,,,,,,,,
854adbb3-9a8f-4205-84d8-14ba0c5b6526,2026-01-03T19:10:43.349Z,2026-01-03T16:01:59.695Z,,84d81f14-d237-4713-b44d-a10e1c888f2c,Gruppe A Match 1,group,,ff33de32-2bfb-40c5-ac8e-b12bdbb3d74f,,2026-01-03T19:10:43.349Z,,,,,,,,
d433b3d5-3c6b-49ba-af5e-95df238656dc,2026-01-03T18:50:17.179Z,2026-01-03T16:01:59.695Z,,84d81f14-d237-4713-b44d-a10e1c888f2c,Gruppe A Match 2,group,,c30372e3-02ce-462c-a68a-f83054d3f4f6,,2026-01-03T18:50:17.179Z,,,,,,,,
efe9f245-2f86-47a1-b423-7187a3867887,2026-01-03T17:31:56.765Z,2026-01-03T16:01:59.695Z,,84d81f14-d237-4713-b44d-a10e1c888f2c,Gruppe B Match 3,group,,b80b0a9b-528a-48be-bb72-3aa5f96fd604,,2026-01-03T17:31:56.765Z,,,,,,,,
9bd44c75-08de-412c-8b7e-387d85911925,2026-01-03T17:10:15.599Z,2026-01-03T16:01:59.695Z,,84d81f14-d237-4713-b44d-a10e1c888f2c,Gruppe B Match 4,group,,46fc8db3-9ae3-449d-9df1-04e503cc6efa,,2026-01-03T17:10:15.599Z,,,,,,,,
adc74a57-a53b-4a27-bdf4-04ce03a0e90b,2026-01-03T18:55:23.869Z,2026-01-03T16:01:59.695Z,,84d81f14-d237-4713-b44d-a10e1c888f2c,Gruppe B Match 1,group,,e3d3ac3f-e1d1-4512-a718-c9bc8fc136c3,,2026-01-03T18:55:23.869Z,,,,,,,,
632bc4a3-dca8-41cc-9d76-20ec08197618,2026-01-03T17:58:29.147Z,2026-01-03T16:01:59.695Z,,84d81f14-d237-4713-b44d-a10e1c888f2c,Gruppe B Match 2,group,,bb5f1215-4d39-4db2-a34b-6258d5236026,,2026-01-03T17:58:29.147Z,,,,,,,,
2c1bc45a-1b49-4741-9afe-d5236d41f3b8,2026-01-03T16:57:15.142Z,2026-01-03T16:01:59.695Z,,84d81f14-d237-4713-b44d-a10e1c888f2c,Gruppe B Match 3,group,,144f56d5-9b45-49b3-8c38-ed1719d670c5,,2026-01-03T16:57:15.142Z,,,,,,,,
44fa738b-bd69-4c00-b7db-b83752c97f7e,2026-01-03T17:19:00.090Z,2026-01-03T16:01:59.695Z,,84d81f14-d237-4713-b44d-a10e1c888f2c,Gruppe B Match 4,group,,f40aac3d-0bed-49fb-a146-13056ba108d9,,2026-01-03T17:19:00.090Z,,,,,,,,
dad6afbe-8de5-4e69-886d-fa154eeb384d,2026-01-03T18:44:36.435Z,2026-01-03T16:01:59.695Z,,84d81f14-d237-4713-b44d-a10e1c888f2c,Gruppe B Match 1,group,,dca243de-5e9b-4360-92c9-21533b7e34ec,,2026-01-03T18:44:36.435Z,,,,,,,,
62a6840d-d166-4dff-8e6f-3de87870cc71,2026-01-03T18:29:12.118Z,2026-01-03T16:01:59.695Z,,84d81f14-d237-4713-b44d-a10e1c888f2c,Gruppe B Match 2,group,,698332cb-759d-4434-880b-d0dfd84c247a,,2026-01-03T18:29:12.118Z,,,,,,,,
0d3171b7-2212-4fb3-ba38-a3b8b626f8d9,2026-01-03T17:28:46.824Z,2026-01-03T16:01:59.695Z,,84d81f14-d237-4713-b44d-a10e1c888f2c,Gruppe B Match 3,group,,bd6deed2-bb8f-4fe7-bd17-a87b1844d1cd,,2026-01-03T17:28:46.824Z,,,,,,,,
7b7d4ae0-610d-4c96-bba1-3320479bae0e,2026-01-03T16:45:41.665Z,2026-01-03T16:01:59.695Z,,84d81f14-d237-4713-b44d-a10e1c888f2c,Gruppe B Match 4,group,,c9638413-3d62-4562-aaad-1647f0ef231c,,2026-01-03T16:45:41.665Z,,,,,,,,
3b28aea2-fdc7-46d3-9cd5-062da342c330,2026-01-03T19:05:44.863Z,2026-01-03T16:01:59.695Z,,84d81f14-d237-4713-b44d-a10e1c888f2c,Gruppe C Match 1,group,,312ad61b-3e36-4650-9b82-2c47ecb8b3b3,,2026-01-03T19:05:44.863Z,,,,,,,,
c1821242-7989-4c3d-8aea-dd4adacd30f7,2026-01-03T18:07:14.768Z,2026-01-03T16:01:59.695Z,,84d81f14-d237-4713-b44d-a10e1c888f2c,Gruppe C Match 2,group,,6e0ecd38-c149-423e-8885-776993d2f970,,2026-01-03T18:07:14.768Z,,,,,,,,
2a80b610-a3cd-4f4b-95f7-c3071e458769,2026-01-03T17:04:39.052Z,2026-01-03T16:01:59.695Z,,84d81f14-d237-4713-b44d-a10e1c888f2c,Gruppe C Match 3,group,,019fee04-028d-4593-b481-6b5bd8f19589,,2026-01-03T17:04:39.052Z,,,,,,,,
cf12fc15-678e-4cf9-8707-6756c8e50de8,2026-01-03T17:16:12.770Z,2026-01-03T16:01:59.695Z,,84d81f14-d237-4713-b44d-a10e1c888f2c,Gruppe C Match 4,group,,e2c89bad-a46f-4568-a662-d3a1e445f26e,,2026-01-03T17:16:12.770Z,,,,,,,,
bd892215-58f9-4788-9d13-a816e19be400,2026-01-03T18:39:26.907Z,2026-01-03T16:01:59.695Z,,84d81f14-d237-4713-b44d-a10e1c888f2c,Gruppe C Match 1,group,,de964640-32fb-4119-8d4d-f345cc202191,,2026-01-03T18:39:26.907Z,,,,,,,,
2e3c2605-3302-4337-b820-8a94f1a30745,2026-01-03T17:51:57.060Z,2026-01-03T16:01:59.695Z,,84d81f14-d237-4713-b44d-a10e1c888f2c,Gruppe C Match 2,group,,e2aed676-2dba-4f24-824d-ec12fc4c71e4,,2026-01-03T17:51:57.060Z,,,,,,,,
f1ac94ff-c5e5-4f49-b97c-ceb4c7cb5225,2026-01-03T16:54:14.795Z,2026-01-03T16:01:59.695Z,,84d81f14-d237-4713-b44d-a10e1c888f2c,Gruppe C Match 3,group,,ed770d5f-759d-4148-afd4-4b8692676cd5,,2026-01-03T16:54:14.795Z,,,,,,,,
ff474beb-7b34-4a40-8895-e2c213d5c9e5,2026-01-03T16:39:43.985Z,2026-01-03T16:01:59.695Z,,84d81f14-d237-4713-b44d-a10e1c888f2c,Gruppe C Match 4,group,,4959997f-66e8-4232-b313-2b19a06542df,,2026-01-03T16:39:43.985Z,,,,,,,,
fcf0ab5b-1e3a-4493-a953-173b23780581,2026-01-03T17:40:57.510Z,2026-01-03T16:01:59.695Z,,84d81f14-d237-4713-b44d-a10e1c888f2c,Gruppe C Match 1,group,,df31219b-9eab-4160-9570-85359665c61b,,2026-01-03T17:40:57.510Z,,,,,,,,
c1daf7f1-7c54-4f26-916e-4c5cdbd7521e,2026-01-03T18:23:31.493Z,2026-01-03T16:01:59.695Z,,84d81f14-d237-4713-b44d-a10e1c888f2c,Gruppe C Match 2,group,,2c8e6e60-4643-40e6-a502-61811c208cb5,,2026-01-03T18:23:31.493Z,,,,,,,,
d4a4fd76-4a67-4065-b36b-542ee1990c61,2026-01-03T16:51:19.616Z,2026-01-03T16:01:59.695Z,,84d81f14-d237-4713-b44d-a10e1c888f2c,Gruppe D Match 3,group,,14c73857-2c62-4181-acef-c8753d76e492,,2026-01-03T16:51:19.616Z,,,,,,,,
fe7560cd-d35a-4f23-bd10-27262d1f7f7d,2026-01-03T17:25:48.333Z,2026-01-03T16:01:59.695Z,,84d81f14-d237-4713-b44d-a10e1c888f2c,Gruppe D Match 4,group,,6581469a-bbc5-43d8-9b9d-7ae0940176b4,,2026-01-03T17:25:48.333Z,,,,,,,,
cd16f7dc-0709-4081-afc2-efb316df755f,2026-01-03T18:17:39.522Z,2026-01-03T16:01:59.695Z,,84d81f14-d237-4713-b44d-a10e1c888f2c,Gruppe D Match 1,group,,1b90e886-ba61-46ca-8ca7-c0acc078b26e,,2026-01-03T18:17:39.522Z,,,,,,,,
e03e29cf-3a3d-4390-806c-da7aefa0aeb5,2026-01-03T18:02:44.804Z,2026-01-03T16:01:59.695Z,,84d81f14-d237-4713-b44d-a10e1c888f2c,Gruppe D Match 2,group,,a1ab98d0-ec11-4000-9cbd-e7213c947f8a,,2026-01-03T18:02:44.804Z,,,,,,,,
dadf75ce-e8fb-400b-bbc4-a63bb960d837,2026-01-03T17:13:27.174Z,2026-01-03T16:01:59.695Z,,84d81f14-d237-4713-b44d-a10e1c888f2c,Gruppe D Match 3,group,,09dec5c1-5397-4171-aec3-2c7aac8a2099,,2026-01-03T17:13:27.174Z,,,,,,,,
79fe81e6-0c23-4ede-abf5-06d4b781a811,2026-01-03T16:32:49.316Z,2026-01-03T16:01:59.695Z,,84d81f14-d237-4713-b44d-a10e1c888f2c,Gruppe D Match 4,group,,3fc3d29e-1237-42e1-9295-256f252800f6,,2026-01-03T16:32:49.316Z,,,,,,,,
c5c2327e-5bc4-44cc-b80e-018ac2d28fd0,2026-01-03T19:10:43.353Z,2026-01-03T16:01:59.695Z,,84d81f14-d237-4713-b44d-a10e1c888f2c,Kvartfinale 1,upper,8,cea5e4a3-02db-4647-b92f-ca433aa9e801,,,e18b5104-1e4d-4965-b038-a3c44f0baae3,1,eeb4a024-4ac9-42db-92a2-cb39d85c9d82,1,,,,
ca11d963-4467-4f0a-9781-ae77cca2ba0c,2026-01-03T19:05:44.918Z,2026-01-03T16:01:59.695Z,,84d81f14-d237-4713-b44d-a10e1c888f2c,Kvartfinale 2,upper,8,cc3605fa-f1f5-4ba9-b91d-e9b27da49311,,,dd0432cd-57af-4906-9b11-394410e50278,1,a2e9ffff-035d-4de8-9c11-a61c101e0636,1,,,,
dae50723-495c-4191-97a8-78720681f9d4,2026-01-03T19:10:43.406Z,2026-01-03T16:01:59.695Z,,84d81f14-d237-4713-b44d-a10e1c888f2c,Kvartfinale 3,upper,8,6eaa7084-2be7-438e-a69e-4d3617d40b6a,,,e18b5104-1e4d-4965-b038-a3c44f0baae3,2,eeb4a024-4ac9-42db-92a2-cb39d85c9d82,2,,,,
6d005b77-4654-4b1c-9574-714721b4f463,2026-01-03T19:05:44.984Z,2026-01-03T16:01:59.695Z,,84d81f14-d237-4713-b44d-a10e1c888f2c,Kvartfinale 4,upper,8,a3db2c44-d97c-498f-8cc6-75cc42d7ad81,,,dd0432cd-57af-4906-9b11-394410e50278,2,a2e9ffff-035d-4de8-9c11-a61c101e0636,2,,,,
820d51a4-dddd-4b21-9fd4-671a5621925d,2026-01-03T16:01:59.695Z,2026-01-03T16:01:59.695Z,,84d81f14-d237-4713-b44d-a10e1c888f2c,Semifinale 1,upper,4,,,,,,,,c5c2327e-5bc4-44cc-b80e-018ac2d28fd0,winner,ca11d963-4467-4f0a-9781-ae77cca2ba0c,winner
97525ca1-0dd5-42f0-9e66-c4bf28c61047,2026-01-03T16:01:59.695Z,2026-01-03T16:01:59.695Z,,84d81f14-d237-4713-b44d-a10e1c888f2c,Semifinale 2,upper,4,,,,,,,,dae50723-495c-4191-97a8-78720681f9d4,winner,6d005b77-4654-4b1c-9574-714721b4f463,winner
903579df-cac7-4683-90ed-a2e1e80eafe1,2026-01-03T16:01:59.695Z,2026-01-03T16:01:59.695Z,,84d81f14-d237-4713-b44d-a10e1c888f2c,Finale 1,upper,2,,,,,,,,820d51a4-dddd-4b21-9fd4-671a5621925d,winner,97525ca1-0dd5-42f0-9e66-c4bf28c61047,winner
a4eb86e0-fba9-44b7-96a0-609102335944,2026-01-03T16:01:59.695Z,2026-01-03T16:01:59.695Z,,84d81f14-d237-4713-b44d-a10e1c888f2c,Taper Runde 1 - 1,lower,1,,,,,,,,c5c2327e-5bc4-44cc-b80e-018ac2d28fd0,loser,ca11d963-4467-4f0a-9781-ae77cca2ba0c,loser
d1063df4-f246-41f0-bfc5-4b87ff9fed66,2026-01-03T16:01:59.695Z,2026-01-03T16:01:59.695Z,,84d81f14-d237-4713-b44d-a10e1c888f2c,Taper Runde 1 - 2,lower,1,,,,,,,,dae50723-495c-4191-97a8-78720681f9d4,loser,6d005b77-4654-4b1c-9574-714721b4f463,loser
27ce871c-7e58-4b4c-ba2f-d64ea51d4cb6,2026-01-03T16:01:59.695Z,2026-01-03T16:01:59.695Z,,84d81f14-d237-4713-b44d-a10e1c888f2c,Taper Runde 2 - 1,lower,2,,,,,,,,a4eb86e0-fba9-44b7-96a0-609102335944,winner,820d51a4-dddd-4b21-9fd4-671a5621925d,loser
11bc9223-36ad-4ea4-8da9-39514feeda3c,2026-01-03T16:01:59.695Z,2026-01-03T16:01:59.695Z,,84d81f14-d237-4713-b44d-a10e1c888f2c,Taper Runde 2 - 2,lower,2,,,,,,,,d1063df4-f246-41f0-bfc5-4b87ff9fed66,winner,97525ca1-0dd5-42f0-9e66-c4bf28c61047,loser
b9f1b751-adc5-4d94-86b7-ce850f9d63f3,2026-01-03T16:01:59.695Z,2026-01-03T16:01:59.695Z,,84d81f14-d237-4713-b44d-a10e1c888f2c,Taper Runde 3 - 1,lower,3,,,,,,,,27ce871c-7e58-4b4c-ba2f-d64ea51d4cb6,winner,11bc9223-36ad-4ea4-8da9-39514feeda3c,winner
cd9d2ca5-80b9-4ae0-a8ca-a2577fe9220d,2026-01-03T16:01:59.695Z,2026-01-03T16:01:59.695Z,,84d81f14-d237-4713-b44d-a10e1c888f2c,Taper Runde 4 - 1,lower,4,,,,,,,,b9f1b751-adc5-4d94-86b7-ce850f9d63f3,winner,903579df-cac7-4683-90ed-a2e1e80eafe1,loser
d9290aed-19c6-4532-b500-1dbd9a24930f,2026-01-03T16:01:59.695Z,2026-01-03T16:01:59.695Z,,84d81f14-d237-4713-b44d-a10e1c888f2c,Grand Finale,upper,1,,,,,,,,903579df-cac7-4683-90ed-a2e1e80eafe1,winner,cd9d2ca5-80b9-4ae0-a8ca-a2577fe9220d,winner